order	phase	variant	binary_role	benchmark	worker_cpus	process_cpus	init_threads	page_mode	numa_mode	msr_mode	estimated_seconds
1	workers	w4-r1	mfw-mode0	100K	0,3,6,9	0,1,2,3,4,5,6,7,8,9,10,11	8	none	off	off	73
2	workers	w6-r1	mfw-mode0	100K	0,2,4,6,8,10	0,1,2,3,4,5,6,7,8,9,10,11	8	none	off	off	53
3	workers	w8-r1	mfw-mode0	100K	0,1,3,4,6,7,9,10	0,1,2,3,4,5,6,7,8,9,10,11	8	none	off	off	43
4	workers	w10-r1	mfw-mode0	100K	0,1,2,3,4,6,7,8,9,10	0,1,2,3,4,5,6,7,8,9,10,11	8	none	off	off	49
5	workers	w12-r1	mfw-mode0	100K	0,1,2,3,4,5,6,7,8,9,10,11	0,1,2,3,4,5,6,7,8,9,10,11	8	none	off	off	57
6	workers	w12-r2	mfw-mode0	100K	0,1,2,3,4,5,6,7,8,9,10,11	0,1,2,3,4,5,6,7,8,9,10,11	8	none	off	off	57
7	workers	w10-r2	mfw-mode0	100K	0,1,2,3,4,6,7,8,9,10	0,1,2,3,4,5,6,7,8,9,10,11	8	none	off	off	49
8	workers	w8-r2	mfw-mode0	100K	0,1,3,4,6,7,9,10	0,1,2,3,4,5,6,7,8,9,10,11	8	none	off	off	43
9	workers	w6-r2	mfw-mode0	100K	0,2,4,6,8,10	0,1,2,3,4,5,6,7,8,9,10,11	8	none	off	off	53
10	workers	w4-r2	mfw-mode0	100K	0,3,6,9	0,1,2,3,4,5,6,7,8,9,10,11	8	none	off	off	73
